"organization","category","official_url","outreach_focus","status","added_on"
"Pantera Capital","Investor / VC","https://panteracapital.com/","Crypto/blockchain investment","public_organization_prospect","2026-10-04"
"Cambridge Associates","Investment Advisory","https://www.cambridgeassociates.com/insight/blockchain-and-crypto-vc-funds/","Institutional/VC advisory","public_organization_prospect","2026-10-04"
"CV VC","Investor / VC","https://www.cvvc.com/","AI/blockchain early-stage VC","public_organization_prospect","2026-10-04"
"CryptoSlate VC Directory","Investor Directory","https://cryptoslate.com/companies/vertical/venture-capital/","Crypto VC discovery","public_organization_prospect","2026-10-04"
"Anchorage Digital","Institutional Crypto","https://www.anchorage.com/who-we-serve/venture-capital-firms","Institutional custody/trading/banking","public_organization_prospect","2026-10-04"
"Alumni Ventures Blockchain Fund","Investor / VC","https://av.vc/funds/blockchain","Blockchain/digital asset investing","public_organization_prospect","2026-10-04"
"Blockchain Capital","Investor / VC","https://www.blockchaincapital.com/","Crypto venture capital","public_organization_prospect","2026-10-04"
"Trident Trust","Fund Services","https://www.tridenttrust.com/services/fund-administration/digital-assets","Digital asset fund administration","public_organization_prospect","2026-10-04"
"AIMA","Investment Association","https://www.aima.org/regulation/keytopics/digital-assets.html","Alternative investment/digital assets","public_organization_prospect","2026-10-04"
"Nickel Digital","Digital Asset Manager","https://nickel.digital/","Institutional digital asset investment","public_organization_prospect","2026-10-04"
"Fidelity Institutional","Institutional Finance","https://institutional.fidelity.com/institutions/institutional-solutions/digital-assets","Institutional digital assets","public_organization_prospect","2026-10-04"
"Fidelity Digital Assets","Institutional Crypto","https://www.fidelitydigitalassets.com/get-in-touch","Institutional custody/trading","public_organization_prospect","2026-10-04"
"Galaxy Asset Management","Digital Asset Manager","https://am.galaxy.com/","Digital asset investment","public_organization_prospect","2026-10-04"
"Franklin Templeton Digital Assets","Asset Manager","https://www.franklintempleton.com/investments/asset-class/digital-assets","Digital asset investing","public_organization_prospect","2026-10-04"
"WhiteBIT Institutional","Crypto Exchange / Institutional","https://institutional.whitebit.com/","Institutional exchange services","public_organization_prospect","2026-10-04"
"Independent Reserve","Crypto Exchange / Institutional","https://www.independentreserve.com/institutions","Institutional crypto exchange","public_organization_prospect","2026-10-04"
"SEC Crypto Task Force","Government / Regulator","https://www.sec.gov/featured-topics/crypto-task-force","US crypto regulatory outreach","public_organization_prospect","2026-10-04"
"Crypto Finance Group","Institutional Crypto","https://www.crypto-finance.com/","Institutional digital asset services","public_organization_prospect","2026-10-04"
"Kraken Institutional","Crypto Exchange / Institutional","https://www.kraken.com/institutions","Institutional trading","public_organization_prospect","2026-10-04"
"ZagTrader","Trading Infrastructure","https://www.zagtrader.com/solutions/crypto-exchanges","Exchange/trading technology","public_organization_prospect","2026-10-04"
"Copper","Institutional Crypto Infrastructure","https://copper.co/en-us","Custody/trading/prime services","public_organization_prospect","2026-10-04"
"FinchTrade","OTC / Institutional","https://finchtrade.com/","Crypto-fiat OTC","public_organization_prospect","2026-10-04"
"Coinbase Institutional","Crypto Exchange / Institutional","https://www.coinbase.com/institutional","Institutional crypto","public_organization_prospect","2026-10-04"
"Flow Traders","Market Maker","https://www.flowtraders.com/digital-assets/","Digital asset liquidity","public_organization_prospect","2026-10-04"
"DWF Labs","Market Maker / Investor","https://www.dwf-labs.com/","Market making/investment","public_organization_prospect","2026-10-04"
"Keyrock","Market Maker","https://keyrock.com/","Digital asset liquidity","public_organization_prospect","2026-10-04"
"GSR","Market Maker","https://www.gsr.io/services/trading-market-making","Crypto market making","public_organization_prospect","2026-10-04"
"XBTO","Digital Asset Trading","https://www.xbto.com/","Market making/trading","public_organization_prospect","2026-10-04"
"Marex Digital Assets","Institutional Trading","https://www.marex.com/markets/digital-assets","Regulated digital asset markets","public_organization_prospect","2026-10-04"
"Gravity Team","Market Maker","https://www.gravityteam.co/","Crypto liquidity","public_organization_prospect","2026-10-04"
"Blue Sky Capital Management","Market Maker","https://www.blueskycapitalmanagement.com/crypto-market-maker-ico-cryptocurrency-exchanges/","Crypto market making","public_organization_prospect","2026-10-04"
"WAIPA","Investment Promotion Network","https://waipa.org/","Global investment promotion agencies","public_organization_prospect","2026-10-04"
"Caribbean Association of Investment Promotion Agencies","Investment Promotion Network","https://www.investincaribbean.org/","Caribbean FDI promotion","public_organization_prospect","2026-10-04"
"Pacific Trade Invest","Investment Promotion Network","https://pacifictradeinvest.com/","Pacific investment promotion","public_organization_prospect","2026-10-04"
"U.S. Economic Development Administration","Government / Economic Development","https://www.commerce.gov/bureaus-and-offices/eda","Economic development","public_organization_prospect","2026-10-04"
"International Economic Development Council","Economic Development Network","https://www.iedconline.org/","Economic development network","public_organization_prospect","2026-10-04"
"Netherlands Regional Development Agencies","Economic Development","https://business.gov.nl/finance-and-taxes/arrange-financing/regional-development-agencies-roms/","Regional investment and growth","public_organization_prospect","2026-10-04"
"Blockchain Association","Blockchain Trade Association","https://theblockchainassociation.org/","Crypto policy and industry","public_organization_prospect","2026-10-04"
"European Blockchain Association","Blockchain Association","https://europeanblockchainassociation.org/","European blockchain ecosystem","public_organization_prospect","2026-10-04"
"American Blockchain and Cryptocurrency Association","Blockchain Association","https://abcaonline.org/","US blockchain advocacy","public_organization_prospect","2026-10-04"
"Government Blockchain Association","Blockchain Association","https://gbaglobal.org/","Government/blockchain network","public_organization_prospect","2026-10-04"
"Nordic Blockchain Association","Blockchain Association","https://www.nordicblockchain.com/contact-us","Nordic blockchain ecosystem","public_organization_prospect","2026-10-04"
"British Blockchain Association","Blockchain Association","https://www.britishblockchainassociation.org/","UK blockchain industry","public_organization_prospect","2026-10-04"
"INATBA","Blockchain Association","https://inatba.org/","EU/global DLT forum","public_organization_prospect","2026-10-04"
"Digital Asset","Blockchain Infrastructure","https://www.digitalasset.com/media-press","Institutional blockchain technology","public_organization_prospect","2026-10-04"
"The Block","Crypto Media","https://www.theblock.co/","Crypto media","public_organization_prospect","2026-10-04"
"Crypto.com","Crypto Exchange","https://crypto.com/us/about","Exchange/partnerships","public_organization_prospect","2026-10-04"
"WE Family Offices","Family Office","https://www.wefamilyoffices.com/","Family office services","public_organization_prospect","2026-10-04"
"Callan Family Office","Family Office","https://callanfamilyoffice.com/","Family office","public_organization_prospect","2026-10-04"
"Rockefeller Global Family Office","Family Office","https://www.rockco.com/rockefeller-global-family-office/","Family office","public_organization_prospect","2026-10-04"
"FIS Fintech Accelerator","Accelerator","https://www.fisglobal.com/fis-fintech-accelerator","Fintech accelerator","public_organization_prospect","2026-10-04"
"FinTech Sandbox","Accelerator / Ecosystem","https://www.fintechsandbox.org/accelerator-partners/","Fintech startup support","public_organization_prospect","2026-10-04"
"UNDP Fintech Accelerator","Accelerator / Development","https://www.undp.org/sdg-accelerator/accelerators/fintech-accelerator","Fintech/development","public_organization_prospect","2026-10-04"
"CAFE Fintech Accelerator","Accelerator","https://ftcafe.org/apply/","Fintech startups","public_organization_prospect","2026-10-04"
"Techstars","Accelerator / Investor","https://www.techstars.com/accelerators","Global accelerator","public_organization_prospect","2026-10-04"
"Tampa Bay Wave FinTech|X","Accelerator","https://www.tampabaywave.org/fintech/","Fintech accelerator","public_organization_prospect","2026-10-04"