"organization","email","category","purpose","source_hint","verification_status","added_on"
"a16z / Andreessen Horowitz","businessplans@a16z.com","Investor / VC","Business plans / investment","a16z.com","seed_needs_recheck","2026-10-03"
"Pantera Capital","ir@panteracapital.com","Investor / VC","Investor relations","panteracapital.com","seed_needs_recheck","2026-10-03"
"Union Square Ventures","info@usv.com","Investor / VC","General / investment","usv.com","seed_needs_recheck","2026-10-03"
"Boost VC","info@boost.vc","Investor / VC","Startup / venture","boost.vc","seed_needs_recheck","2026-10-03"
"Draper VC","plans@draper.vc","Investor / VC","Business plans","draper.vc","seed_needs_recheck","2026-10-03"
"Blockchain Capital","contact@blockchaincapital.com","Investor / VC","Blockchain investment","blockchaincapital.com","seed_needs_recheck","2026-10-03"
"Morgan Creek Capital","web@morgancreekcap.com","Investor / VC","General contact","morgancreekcap.com","seed_needs_recheck","2026-10-03"
"Insight Partners","growth@insightpartners.com","Investor / VC","Growth opportunities","insightpartners.com","seed_needs_recheck","2026-10-03"
"SparkLabs Global","info@sparklabsglobal.com","Investor / VC","Venture opportunities","sparklabsglobal.com","seed_needs_recheck","2026-10-03"
"Algorand","contact@algorand.com","Blockchain / Ecosystem","Ecosystem / investment","algorand.com","seed_needs_recheck","2026-10-03"
"ALIAVIA Ventures","pitch@aliavia.vc","Investor / VC","Startup pitches","aliavia.vc","seed_needs_recheck","2026-10-03"
"AllegisCyber Capital","contact@allegiscapital.com","Investor / VC","Cybersecurity investment","allegiscapital.com","seed_needs_recheck","2026-10-03"
"AlleyCorp","info@alleycorp.com","Investor / VC","Startup / venture","alleycorp.com","seed_needs_recheck","2026-10-03"
"Skyalp","info@skyalp.com.tr","Investor / Venture Builder","Fintech investment","skyalp.com.tr","seed_needs_recheck","2026-10-03"
"Finst","investors@finst.com","Fintech / Investor Relations","Investor inquiries","finst.com","seed_needs_recheck","2026-10-03"
"Bitwise","clients@bitwiseinvestments.com","Asset Manager","Clients / investors","bitwiseinvestments.com","seed_needs_recheck","2026-10-03"
"Bitwise Europe","europe@bitwiseinvestments.com","Asset Manager","European investment inquiries","bitwiseinvestments.eu","seed_needs_recheck","2026-10-03"
"Türkiye HIT-30 Program Support Office","hit30@sanayi.gov.tr","Government / Investment Agency","Technology / investment projects","sanayi.gov.tr","seed_needs_recheck","2026-10-03"
"İzmir Development Agency","genelsekreter@izka.org.tr","Government / Development Agency","Investment / development","izka.org.tr","seed_needs_recheck","2026-10-03"
"İzmir Development Agency","kurumsaliletisim@izka.org.tr","Government / Development Agency","Corporate communication","izka.org.tr","seed_needs_recheck","2026-10-03"
"Serhat Development Agency","info@serka.gov.tr","Government / Development Agency","Regional development","serka.gov.tr","seed_needs_recheck","2026-10-03"
"SERKA Ağrı Investment Support","agri@serka.gov.tr","Government / Investment Support","Investment support","serka.gov.tr","seed_needs_recheck","2026-10-03"
"SERKA Ardahan Investment Support","ardahan@serka.gov.tr","Government / Investment Support","Investment support","serka.gov.tr","seed_needs_recheck","2026-10-03"
"SERKA Iğdır Investment Support","igdir@serka.gov.tr","Government / Investment Support","Investment support","serka.gov.tr","seed_needs_recheck","2026-10-03"
"SERKA Kars Investment Support","kars@serka.gov.tr","Government / Investment Support","Investment support","serka.gov.tr","seed_needs_recheck","2026-10-03"
"Germany Trade & Invest","office@gtai.com","Government / Investment Promotion","Foreign investment / Germany","gtai.com","seed_needs_recheck","2026-10-03"
"Germany Trade & Invest","mep@gtai.de","Government / Investment Promotion","SME internationalization","gtai.de","seed_needs_recheck","2026-10-03"
"BAFA","mep@bafa.bund.de","Government / SME Program","Foreign trade / SME program","bafa.bund.de","seed_needs_recheck","2026-10-03"
"Enterprise Europe Network Netherlands","info@enterpriseeuropenetwork.nl","EU Business Network","Business cooperation","enterpriseeuropenetwork.nl","seed_needs_recheck","2026-10-03"
"EEN2EIC","een2eic@apre.it","EU Business Network","EIC / EEN investment support","apre.it","seed_needs_recheck","2026-10-03"
"Enterprise Europe Network Czech Republic","info.een@tc.cz","EU Business Network","Business cooperation","tc.cz","seed_needs_recheck","2026-10-03"
"Czech Centre for Regional Development EEN","een@crr.cz","EU Business Network","International cooperation","crr.cz","seed_needs_recheck","2026-10-03"
"South Moravian Innovation Centre","tts@jic.cz","Innovation Agency","Technology transfer","jic.cz","seed_needs_recheck","2026-10-03"
"XT.com","listing@xt.com","Crypto Exchange","Token listings","xt.com","seed_needs_recheck","2026-10-03"
"XT.com","partnerships@xt.com","Crypto Exchange","Partnerships","xt.com","seed_needs_recheck","2026-10-03"
"XT.com","wealth@xt.com","Crypto Exchange","VIP / institutional","xt.com","seed_needs_recheck","2026-10-03"
"WhiteBIT","institutional@whitebit.com","Crypto Exchange","B2B / institutional","whitebit.com","seed_needs_recheck","2026-10-03"
"KuCoin","institutional_kyc@kucoin.com","Crypto Exchange","Institutional accounts","kucoin.com","seed_needs_recheck","2026-10-03"
"KuCoin Türkiye","kurumsaltalep@kucoin.tr","Crypto Exchange","Corporate / institutional","kucoin.tr","seed_needs_recheck","2026-10-03"
"KuCoin Türkiye","operasyon@kucoin.tr","Crypto Exchange","Institutional operations","kucoin.tr","seed_needs_recheck","2026-10-03"
"Tothemoon","listing@tothemoon.com","Crypto Exchange","Listings","tothemoon.com","seed_needs_recheck","2026-10-03"
"Tothemoon","marketing@tothemoon.com","Crypto Exchange","Marketing","tothemoon.com","seed_needs_recheck","2026-10-03"
"BIT","otc@bit.com","Crypto Exchange / OTC","OTC trading","bit.com","seed_needs_recheck","2026-10-03"
"BIT","service@bit.com","Crypto Exchange","General service","bit.com","seed_needs_recheck","2026-10-03"
"Midas Exchange","institutional@midas.exchange","Crypto Exchange / OTC","Institutional / OTC","midas.exchange","seed_needs_recheck","2026-10-03"
"Midas Exchange","business@midas.exchange","Crypto Exchange","Partnerships","midas.exchange","seed_needs_recheck","2026-10-03"
"Midas Exchange","press@midas.exchange","Crypto Exchange","Media","midas.exchange","seed_needs_recheck","2026-10-03"
"Exbit","institutional@exbit.com","Crypto Exchange","Institutional","exbit.com","seed_needs_recheck","2026-10-03"
"Exbit","listings@exbit.com","Crypto Exchange","Listings","exbit.com","seed_needs_recheck","2026-10-03"
"Exbit","partners@exbit.com","Crypto Exchange","Business development","exbit.com","seed_needs_recheck","2026-10-03"
"Exbit","press@exbit.com","Crypto Exchange","Media","exbit.com","seed_needs_recheck","2026-10-03"
"NoBanka","otc@nobanka.io","OTC / Exchange","OTC","nobanka.io","seed_needs_recheck","2026-10-03"
"NoBanka","business@nobanka.io","OTC / Exchange","Business partnerships","nobanka.io","seed_needs_recheck","2026-10-03"
"Indonesia Crypto Exchange","info@icex.id","Crypto Exchange","Institutional infrastructure","icex.id","seed_needs_recheck","2026-10-03"
"AKECOIN","listing@akecoin.com","Crypto Exchange","Token listing","akecoin.com","seed_needs_recheck","2026-10-03"
"AKECOIN","partnerships@akecoin.com","Crypto Exchange","Partnerships","akecoin.com","seed_needs_recheck","2026-10-03"
"Fourstroke","inquiries@fourstroke.io","Market Maker","Market making / trading","fourstroke.io","seed_needs_recheck","2026-10-03"
"ICON Trading","partnerships@icontrading.com","Market Maker / Trading","Strategic partnerships","icontrading.com","seed_needs_recheck","2026-10-03"
"ICON Trading","hello@icontrading.com","Market Maker / Trading","Professional inquiries","icontrading.com","seed_needs_recheck","2026-10-03"
"ICON Trading","operation@icontrading.com","Market Maker / Trading","Operations","icontrading.com","seed_needs_recheck","2026-10-03"
"Acheron Trading","contact@acherontrading.com","Market Maker","Market making / media","acherontrading.com","seed_needs_recheck","2026-10-03"
"Minuszero","info@minuszero.com.tr","Liquidity Provider","Liquidity / institutional collaboration","minuszero.com.tr","seed_needs_recheck","2026-10-03"
"Yula Labs","info@yulalabs.com","Market Maker","Market making","yulalabs.com","seed_needs_recheck","2026-10-03"
"Cave Trading","trading@cavetradinglimited.com","Trading / OTC","Trading / OTC / liquidity","cavetradinglimited.com","seed_needs_recheck","2026-10-03"
"UnionBlock OTC","otc@unionblock.io","OTC / Trading","Traders / sales / OTC","unionblock.io","seed_needs_recheck","2026-10-03"
"UnionBlock OTC","support@unionblock.io","OTC / Trading","General contact","unionblock.io","seed_needs_recheck","2026-10-03"
"instiX","info@instix.io","Institutional OTC","Institutional OTC","instix.io","seed_needs_recheck","2026-10-03"
"DNA Crypto","sales@dnacrypto.co","Institutional / OTC","Sales / institutional","dnacrypto.co","seed_needs_recheck","2026-10-03"
"DNA Crypto","support@dnacrypto.co","Institutional / OTC","Institutional enquiries","dnacrypto.co","seed_needs_recheck","2026-10-03"
"Blazarex","hello@blazarex.ru","Exchange / OTC","Partnerships","blazarex.ru","seed_needs_recheck","2026-10-03"
"Blazarex","support@blazarex.com","Exchange / OTC","Business support","blazarex.com","seed_needs_recheck","2026-10-03"
"Coin Bureau","support@coinbureau.com","Media / Influencer","Public contact","coinbureau.com","seed_needs_recheck","2026-10-03"
"Decrypt","editor@decrypt.co","Media","Editorial / story pitches","decrypt.co","seed_needs_recheck","2026-10-03"
"Decrypt","product@decrypt.co","Media","Product / platform","decrypt.co","seed_needs_recheck","2026-10-03"
"Crypto Hasbulla","cryptohasbullapromotion@gmail.com","Influencer","Business / promotion","public business contact","seed_needs_recheck","2026-10-03"
"Jim Crypto","jimcrypto88@protonmail.com","Influencer","Business inquiries","public business contact","seed_needs_recheck","2026-10-03"
"The Crypto Joker","thecryptojoker.ads@gmail.com","Influencer","Business / collaborations","public business contact","seed_needs_recheck","2026-10-03"
"Venture Global","ir@vglng.com","Company / Investor Relations","Investor relations","https://ventureglobal.com/contact/","verified_public_source","2026-10-03"
"Venture Global","info@venturegloballng.com","Company","General / development opportunities","https://ventureglobal.com/contact/","verified_public_source","2026-10-03"
"Venture Global","fmusser@venturegloballng.com","Company / Development","Development opportunities","https://ventureglobal.com/contact/","verified_public_source","2026-10-03"
"Venture Global","press@venturegloballng.com","Company / Media","Media inquiries","https://ventureglobal.com/contact/","verified_public_source","2026-10-03"
"Cerberus Capital Management","media@cerberus.com","Investment Manager / Media","Media inquiries","https://www.cerberus.com/contact/","verified_public_source","2026-10-03"
"Cerberus Capital Management","Investor-Relations@cerberus.com","Investment Manager","Investor relations","https://www.cerberus.com/contact/","verified_public_source","2026-10-03"
"Cerberus Capital Management","info@cerberus.com","Investment Manager","General inquiries","https://www.cerberus.com/contact/","verified_public_source","2026-10-03"
"Illinois State Treasurer - Invest in Illinois","investinillinois@illinoistreasurer.gov","Government / Investment Program","Invest in Illinois inquiries","https://illinoistreasurer.gov/home/financial-institutions/invest-in-illinois/contact-us/","verified_public_source","2026-10-03"
"Illinois State Treasurer - Illinois Funds","ilfundsmarketing@illinoistreasurer.gov","Government / Investment Program","Illinois Funds inquiries","https://illinoistreasurer.gov/home/financial-institutions/invest-in-illinois/contact-us/","verified_public_source","2026-10-03"
"Oman Investment Authority","i.r@oia.gov.om","Sovereign Investment Authority","Investor relations","https://oia.gov.om/en/contact-us","verified_public_source","2026-10-03"
"Oman Investment Authority","info@oia.gov.om","Sovereign Investment Authority","General enquiries","https://oia.gov.om/en/contact-us","verified_public_source","2026-10-03"
"Battle Investment Group","info@battleinvestmentgroup.com","Private Equity / Investment","Prospective investment opportunities","https://battleinvestmentgroup.com/contact/","verified_public_source","2026-10-03"
"Larsen MacColl Partners","info@larsenmaccoll.com","Private Equity","General contact","https://larsenmaccoll.com/private-equity/contact-us/","verified_public_source","2026-10-03"
"Quad-C","NewDeals@quadc.com","Private Equity","New investment opportunities","https://www.quadc.com/contact/","verified_public_source","2026-10-03"
"Quad-C","Info@quadc.com","Private Equity / Media","Media inquiries","https://www.quadc.com/contact/","verified_public_source","2026-10-03"
"Quad-C","Investor.Service@quadc.com","Private Equity","Current investor inquiries","https://www.quadc.com/contact/","verified_public_source","2026-10-03"
"Saratoga Capital Partners","info@saratoga-capital.com","Investment Firm","General inquiries","https://saratoga-capital.com/contact-us/","verified_public_source","2026-10-03"
"Saratoga Capital Partners","pressinquiries@saratoga-capital.com","Investment Firm / Media","Media inquiries","https://saratoga-capital.com/contact-us/","verified_public_source","2026-10-03"
"Saratoga Capital Partners","vc@saratoga-capital.com","Venture Capital","Venture capital inquiries","https://saratoga-capital.com/contact-us/","verified_public_source","2026-10-03"
"Saratoga Capital Partners","pe@saratoga-capital.com","Private Equity","Private equity inquiries","https://saratoga-capital.com/contact-us/","verified_public_source","2026-10-03"
"Saratoga Capital Partners","re@saratoga-capital.com","Real Estate Investment","Real estate inquiries","https://saratoga-capital.com/contact-us/","verified_public_source","2026-10-03"
"Saratoga Capital Partners","rp@saratoga-capital.com","Investment Firm","Regulated products inquiries","https://saratoga-capital.com/contact-us/","verified_public_source","2026-10-03"
"Saratoga Capital Partners","im@saratoga-capital.com","Investment Firm","Investment migration inquiries","https://saratoga-capital.com/contact-us/","verified_public_source","2026-10-03"
"Saratoga Capital Partners","nicosia@saratoga-capital.com","Investment Firm","Nicosia office","https://saratoga-capital.com/contact-us/","verified_public_source","2026-10-03"
"Saratoga Capital Partners","lisbon@saratoga-capital.com","Investment Firm","Lisbon office","https://saratoga-capital.com/contact-us/","verified_public_source","2026-10-03"
"Saratoga Capital Partners","porto@saratoga-capital.com","Investment Firm","Porto office","https://saratoga-capital.com/contact-us/","verified_public_source","2026-10-03"
"Bitcoin Suisse","media@bitcoinsuisse.com","Crypto Finance / Media","Media inquiries","https://bitcoinsuisse.com/media-relations","verified_public_source","2026-10-03"
"Blockchain Association","contact@theblockchainassociation.org","Blockchain Trade Association","General contact","https://theblockchainassociation.org/","verified_public_source","2026-10-03"
"Blockchain Association","media@theblockchainassociation.org","Blockchain Trade Association / Media","Media inquiries","https://theblockchainassociation.org/","verified_public_source","2026-10-03"
"Blockchain Association","membership@theblockchainassociation.org","Blockchain Trade Association","Membership inquiries","https://theblockchainassociation.org/","verified_public_source","2026-10-03"
"The Digital Chamber","press@digitalchamber.org","Blockchain Trade Association / Media","Media inquiries","https://digitalchamber.org/tag/expanded-advocacy/","verified_public_source","2026-10-03"
"Guardarian","business@guardarian.com","Crypto / Fiat On-ramp","Business inquiries","https://guardarian.com/contact-us","verified_public_source","2026-10-03"
"Guardarian","sales@guardarian.com","Crypto / Fiat On-ramp","Listing inquiries","https://guardarian.com/contact-us","verified_public_source","2026-10-03"
"Guardarian","m@guardarian.com","Crypto / Fiat On-ramp","Marketing activities","https://guardarian.com/contact-us","verified_public_source","2026-10-03"
"Firi","hello@firi.com","Crypto Exchange","Business inquiries","https://firi.com/about/contact","verified_public_source","2026-10-03"
"CoinDesk","advertising@coindesk.com","Crypto Media","Media and brand partnerships","https://www.coindesk.com/advertise","verified_public_source","2026-10-03"
"CoinDesk","sponsors@coindesk.com","Crypto Media","Event sponsorships","https://www.coindesk.com/advertise","verified_public_source","2026-10-03"
"Crypto Briefing","advertising@cryptobriefing.com","Crypto Media","Advertising inquiries","https://cryptobriefing.com/advertising/","verified_public_source","2026-10-03"
"Mercantil Financial Group","institutional@mercantil.com.do","Institutional Finance / Digital Assets","Institutional inquiries","https://www.mercantil.com.do/insights.html","verified_public_source","2026-10-03"
"SIX Swiss Exchange","listing@six-group.com","Exchange / Securities","ETP listing inquiries","https://www.six-group.com/dam/download/the-swiss-stock-exchange/listing/etps-etfs-and-funds/etps/factsheet-etp-listing-process-en.pdf","verified_public_source","2026-10-03"
"Alex. Brown Venture Capital Services Group","abvcs@alexbrown.com","Venture Capital Services","General inquiries","https://www.alexbrown.com/venturecapitalservicesgroup/contact-us","verified_public_source","2026-10-03"
"Veteran Fund","team@veteran.fund","Venture Capital","General inquiries","https://www.veteran.fund/contact","verified_public_source","2026-10-03"
"FundersClub","contact@fundersclub.com","Venture Capital Platform","General inquiries","https://fundersclub.com/contact/","verified_public_source","2026-10-03"
"FIPA Tunisia","fipa.tunisia@fipa.tn","Government / Investment Promotion","Foreign investment promotion","https://www.afi.nat.tn/en/our-partners1/","verified_public_source","2026-10-03"
"API Congo","contact@apicongo.cg","Government / Investment Promotion","Investor support","https://apicongo.cg/presentation_api.php?lang=en","verified_public_source","2026-10-03"
"investTT","info@investt.co.tt","Government / Investment Promotion","Investment inquiries","https://www.investt.co.tt/","verified_public_source","2026-10-03"
"Fiserv","investor.relations@fiserv.com","Fintech / Investor Relations","Investor relations","https://investors.fiserv.com/investor-relations","verified_public_source","2026-10-03"
"Ginnie Mae","askGinnieMae@hud.gov","Government / Finance","General inquiries","https://www.ginniemae.gov/contact-us","verified_public_source","2026-10-03"
"Ares Management","IRARES@ares.com","Private Equity / Alternative Investment","Investor relations","https://www.ares.com/us/contact","verified_public_source","2026-10-03"
"The Carlyle Group","Investor.service@carlyle.com","Private Equity / Investment","Investor services","https://www.carlyle.com/connect-us","verified_public_source","2026-10-03"
"Vista Point Advisors","info@vistapointadvisors.com","Investment Banking / Advisory","General inquiries","https://vistapointadvisors.com/perspectives/reason-private-equity-calls","verified_public_source","2026-10-03"
"Family Office Exchange","info@familyoffice.com","Family Office Network","General inquiries","https://www.familyoffice.com/","verified_public_source","2026-10-03"
"Croak Capital","hello@croakcapital.com","Family Office / Investment","Investment services","https://croakcapital.com/family-office-investment-services/","verified_public_source","2026-10-03"
"Blue Sky Capital Management","info@blueskycapitalmanagement.com","Market Maker / Investment","Crypto market making inquiries","https://www.blueskycapitalmanagement.com/crypto-market-maker-ico-cryptocurrency-exchanges/","verified_public_source","2026-10-03"
"LO:TECH","laurence@lo.tech","Market Maker","Token market-making inquiries","https://lo.tech/market-making/token","verified_public_source","2026-10-03"
"Bitcoin Foundation","info@bitcoinfoundation.org","Blockchain Organization","General contact","https://bitcoinfoundation.org/contact/","verified_public_source","2026-10-03"
"Balkans Crypto","sponsors@balkanscrypto.com","Crypto Conference","Sponsorship inquiries","https://balkanscrypto.com/en/sponsors","verified_public_source","2026-10-03"
"Mauritania Investment Promotion Agency (APIM)","info-apim@apim.gov.mr","Government / Investment Promotion","Investment promotion inquiries","https://apim.gov.mr/contacts/","verified_public_source","2026-10-03"
"ONDIPA","contact@ondipa.org","Government / Investment Promotion","Investment promotion inquiries","https://ondipa.org/contact/","verified_public_source","2026-10-03"
"Wirtschaft Tourismus Marketing Stadt Kleve","info@wtm-kleve.de","Government / Economic Development","Economic development inquiries","https://wtm-kleve.de/en/wirtschaftsfoerderung/","verified_public_source","2026-10-03"
"U.S. International Trade Administration","publicaffairs@trade.gov","Government / Trade & Investment","Public affairs / trade inquiries","https://www.trade.gov/office-public-affairs","verified_public_source","2026-10-03"
"Enterprise Europe Network / EACC Cincinnati","info@eacc-cincy.com","EU Business Network","EEN local contact","https://een.ec.europa.eu/local-contact-points/us","verified_public_source","2026-10-03"
"Enterprise Europe Network France","europe@centre.cci.fr","EU Business Network","EEN local contact","https://een.ec.europa.eu/local-contact-points/fr","verified_public_source","2026-10-03"
"Magnesia Chamber of Commerce / EEN","contact@epimetol.gr","EU Business Network","Enterprise Europe Network contact","https://www.epimetol.gr/en/enterprise-europe-network/","verified_public_source","2026-10-03"
"Enterprise Europe Network Austria","een@wkv.at","EU Business Network","EEN local contact","https://een.ec.europa.eu/local-contact-points/at","verified_public_source","2026-10-03"
"UP Fintech / Tiger Brokers","ir@itiger.com","Fintech / Investor Relations","Investor relations","https://ir.itigerup.com/","verified_public_source","2026-10-03"
"NAV Fund Services","contact@navfundservices.com","Fund Services / Digital Assets","Crypto fund administration inquiries","https://www.navfundservices.com/blog/how-crypto-fund-administration-works","verified_public_source","2026-10-03"
"Crypto.com","press@crypto.com","Crypto Exchange / Media","Press inquiries","https://crypto.com/company-news","verified_public_source","2026-10-03"
"Enterprise Europe Network - France","een@nouvelle-aquitaine.cci.fr","EU Business Network / Investment Support","Business, innovation and internationalization contact","https://een.ec.europa.eu/local-contact-points/fr","verified_public_source","2026-10-03"
"Enterprise Europe Network - France","contact@een-hautsdefrance.fr","EU Business Network / Investment Support","Business, innovation and internationalization contact","https://een.ec.europa.eu/local-contact-points/fr","verified_public_source","2026-10-03"
"Enterprise Europe Network - France","een@bourgognefranchecomte.cci.fr","EU Business Network / Investment Support","Business, innovation and internationalization contact","https://een.ec.europa.eu/local-contact-points/fr","verified_public_source","2026-10-03"
"Enterprise Europe Network - France","een@normandie.cci.fr","EU Business Network / Investment Support","Business, innovation and internationalization contact","https://een.ec.europa.eu/local-contact-points/fr","verified_public_source","2026-10-03"
"Enterprise Europe Network - France","een@bdi.fr","EU Business Network / Investment Support","Business, innovation and internationalization contact","https://een.ec.europa.eu/local-contact-points/fr","verified_public_source","2026-10-03"
"Enterprise Europe Network - France","europe@hautsdefrance-id.fr","EU Business Network / Investment Support","Business, innovation and internationalization contact","https://een.ec.europa.eu/local-contact-points/fr","verified_public_source","2026-10-03"
"Enterprise Europe Network - France","EEN@auvergne-rhone-alpes.cci.fr","EU Business Network / Investment Support","Business, innovation and internationalization contact","https://een.ec.europa.eu/local-contact-points/fr","verified_public_source","2026-10-03"
"Enterprise Europe Network - France","international.innoproject@bpifrance.fr","EU Business Network / Investment Support","Business, innovation and internationalization contact","https://een.ec.europa.eu/local-contact-points/fr","verified_public_source","2026-10-03"
"Enterprise Europe Network - France","een@paca.cci.fr","EU Business Network / Investment Support","Business, innovation and internationalization contact","https://een.ec.europa.eu/local-contact-points/fr","verified_public_source","2026-10-03"
"Enterprise Europe Network - France","info@een-france-mediterranee.com","EU Business Network / Investment Support","Business, innovation and internationalization contact","https://een.ec.europa.eu/local-contact-points/fr","verified_public_source","2026-10-03"
"Enterprise Europe Network - France","contact@devup-centrevaldeloire.fr","EU Business Network / Investment Support","Business, innovation and internationalization contact","https://een.ec.europa.eu/local-contact-points/fr","verified_public_source","2026-10-03"
"Enterprise Europe Network - France","international@ccism.pf","EU Business Network / Investment Support","Business, innovation and internationalization contact","https://een.ec.europa.eu/local-contact-points/fr","verified_public_source","2026-10-03"
"Enterprise Europe Network - France","europe@cci-paris-idf.fr","EU Business Network / Investment Support","Business, innovation and internationalization contact","https://een.ec.europa.eu/local-contact-points/fr","verified_public_source","2026-10-03"
"Enterprise Europe Network - France","een@bretagne-competitivite.fr","EU Business Network / Investment Support","Business, innovation and internationalization contact","https://een.ec.europa.eu/local-contact-points/fr","verified_public_source","2026-10-03"
"Enterprise Europe Network - France","contact@lareuniondeveloppement.re","EU Business Network / Investment Support","Business, innovation and internationalization contact","https://een.ec.europa.eu/local-contact-points/fr","verified_public_source","2026-10-03"
"Enterprise Europe Network - Italy","info@een-marche.it","EU Business Network / Investment Support","Business, innovation and internationalization contact","https://een.ec.europa.eu/local-contact-points/it","verified_public_source","2026-10-03"
"Enterprise Europe Network - Italy","een.puglia@unioncamerepuglia.it","EU Business Network / Investment Support","Business, innovation and internationalization contact","https://een.ec.europa.eu/local-contact-points/it","verified_public_source","2026-10-03"
"Enterprise Europe Network - Italy","een@camcom.bz.it","EU Business Network / Investment Support","Business, innovation and internationalization contact","https://een.ec.europa.eu/local-contact-points/it","verified_public_source","2026-10-03"
"Enterprise Europe Network - Italy","een@noi.bz.it","EU Business Network / Investment Support","Business, innovation and internationalization contact","https://een.ec.europa.eu/local-contact-points/it","verified_public_source","2026-10-03"
"Enterprise Europe Network - Italy","een@enea.it","EU Business Network / Investment Support","Business, innovation and internationalization contact","https://een.ec.europa.eu/local-contact-points/it","verified_public_source","2026-10-03"
"Enterprise Europe Network - Italy","info@sardegnaricerche.it","EU Business Network / Investment Support","Business, innovation and internationalization contact","https://een.ec.europa.eu/local-contact-points/it","verified_public_source","2026-10-03"
"Enterprise Europe Network - Italy","een@agenziadisviluppo.net","EU Business Network / Investment Support","Business, innovation and internationalization contact","https://een.ec.europa.eu/local-contact-points/it","verified_public_source","2026-10-03"
"Enterprise Europe Network - Italy","een@confindustria.toscana.it","EU Business Network / Investment Support","Business, innovation and internationalization contact","https://een.ec.europa.eu/local-contact-points/it","verified_public_source","2026-10-03"
"Enterprise Europe Network - Italy","een@eurosportello.eu","EU Business Network / Investment Support","Business, innovation and internationalization contact","https://een.ec.europa.eu/local-contact-points/it","verified_public_source","2026-10-03"
"Enterprise Europe Network - Italy","een@sviluppumbria.it","EU Business Network / Investment Support","Business, innovation and internationalization contact","https://een.ec.europa.eu/local-contact-points/it","verified_public_source","2026-10-03"
"Enterprise Europe Network - Italy","een-alps@regione.liguria.it","EU Business Network / Investment Support","Business, innovation and internationalization contact","https://een.ec.europa.eu/local-contact-points/it","verified_public_source","2026-10-03"
"Enterprise Europe Network - Italy","europa@eurosportelloveneto.it","EU Business Network / Investment Support","Business, innovation and internationalization contact","https://een.ec.europa.eu/local-contact-points/it","verified_public_source","2026-10-03"
"Enterprise Europe Network - Italy","een-confindustriaveneto@siav.net","EU Business Network / Investment Support","Business, innovation and internationalization contact","https://een.ec.europa.eu/local-contact-points/it","verified_public_source","2026-10-03"
"Enterprise Europe Network - Italy","een1@confindustria.lombardia.it","EU Business Network / Investment Support","Business, innovation and internationalization contact","https://een.ec.europa.eu/local-contact-points/it","verified_public_source","2026-10-03"
"Enterprise Europe Network - Italy","info@cam.camcom.it","EU Business Network / Investment Support","Business, innovation and internationalization contact","https://een.ec.europa.eu/local-contact-points/it","verified_public_source","2026-10-03"
"Enterprise Europe Network - Italy","een@adr.pd.cnr.it","EU Business Network / Investment Support","Business, innovation and internationalization contact","https://een.ec.europa.eu/local-contact-points/it","verified_public_source","2026-10-03"
"Enterprise Europe Network - Italy","een@sicindustria.eu","EU Business Network / Investment Support","Business, innovation and internationalization contact","https://een.ec.europa.eu/local-contact-points/it","verified_public_source","2026-10-03"
"Enterprise Europe Network - Italy","euro@cdopesaro.com","EU Business Network / Investment Support","Business, innovation and internationalization contact","https://een.ec.europa.eu/local-contact-points/it","verified_public_source","2026-10-03"
"Enterprise Europe Network - Italy","een@spin.srl","EU Business Network / Investment Support","Business, innovation and internationalization contact","https://een.ec.europa.eu/local-contact-points/it","verified_public_source","2026-10-03"
"Enterprise Europe Network - Italy","een@cnr.it","EU Business Network / Investment Support","Business, innovation and internationalization contact","https://een.ec.europa.eu/local-contact-points/it","verified_public_source","2026-10-03"
"Enterprise Europe Network - Italy","een@sviluppoeterritorio.camcom.it","EU Business Network / Investment Support","Business, innovation and internationalization contact","https://een.ec.europa.eu/local-contact-points/it","verified_public_source","2026-10-03"
"Enterprise Europe Network - Italy","een@uniroma2.it","EU Business Network / Investment Support","Business, innovation and internationalization contact","https://een.ec.europa.eu/local-contact-points/it","verified_public_source","2026-10-03"
"Enterprise Europe Network - Italy","info@trentinosviluppo.it","EU Business Network / Investment Support","Business, innovation and internationalization contact","https://een.ec.europa.eu/local-contact-points/it","verified_public_source","2026-10-03"
"Enterprise Europe Network - Italy","een@confindustria.piemonte.it","EU Business Network / Investment Support","Business, innovation and internationalization contact","https://een.ec.europa.eu/local-contact-points/it","verified_public_source","2026-10-03"
"Enterprise Europe Network - Italy","een@venetoinnovazione.it","EU Business Network / Investment Support","Business, innovation and internationalization contact","https://een.ec.europa.eu/local-contact-points/it","verified_public_source","2026-10-03"
"Enterprise Europe Network - Spain","een@aedhe.es","EU Business Network / Investment Support","Business, innovation and internationalization contact","https://een.ec.europa.eu/local-contact-points/es","verified_public_source","2026-10-03"
"Enterprise Europe Network - Spain","info@camaralanzarote.org","EU Business Network / Investment Support","Business, innovation and internationalization contact","https://een.ec.europa.eu/local-contact-points/es","verified_public_source","2026-10-03"
"Enterprise Europe Network - Spain","een@fundecyt-pctex.es","EU Business Network / Investment Support","Business, innovation and internationalization contact","https://een.ec.europa.eu/local-contact-points/es","verified_public_source","2026-10-03"
"Enterprise Europe Network - Spain","een@een.cat","EU Business Network / Investment Support","Business, innovation and internationalization contact","https://een.ec.europa.eu/local-contact-points/es","verified_public_source","2026-10-03"
"Enterprise Europe Network - Spain","eenbasque@camarabilbao.com","EU Business Network / Investment Support","Business, innovation and internationalization contact","https://een.ec.europa.eu/local-contact-points/es","verified_public_source","2026-10-03"
"Enterprise Europe Network - Spain","een@ain.es","EU Business Network / Investment Support","Business, innovation and internationalization contact","https://een.ec.europa.eu/local-contact-points/es","verified_public_source","2026-10-03"
"Enterprise Europe Network - Spain","een@andaluciatrade.es","EU Business Network / Investment Support","Business, innovation and internationalization contact","https://een.ec.europa.eu/local-contact-points/es","verified_public_source","2026-10-03"
"Enterprise Europe Network - Spain","eencanarias@gobiernodecanarias.org","EU Business Network / Investment Support","Business, innovation and internationalization contact","https://een.ec.europa.eu/local-contact-points/es","verified_public_source","2026-10-03"
"Enterprise Europe Network - Spain","eencanarias@itccanarias.org","EU Business Network / Investment Support","Business, innovation and internationalization contact","https://een.ec.europa.eu/local-contact-points/es","verified_public_source","2026-10-03"
"Enterprise Europe Network - Spain","eencanarias@proexca.es","EU Business Network / Investment Support","Business, innovation and internationalization contact","https://een.ec.europa.eu/local-contact-points/es","verified_public_source","2026-10-03"
"Enterprise Europe Network - Spain","eenader@larioja.org","EU Business Network / Investment Support","Business, innovation and internationalization contact","https://een.ec.europa.eu/local-contact-points/es","verified_public_source","2026-10-03"
"Enterprise Europe Network - Spain","eenmadrid@camaramadrid.es","EU Business Network / Investment Support","Business, innovation and internationalization contact","https://een.ec.europa.eu/local-contact-points/es","verified_public_source","2026-10-03"
"Enterprise Europe Network - Spain","een@madrimasd.org","EU Business Network / Investment Support","Business, innovation and internationalization contact","https://een.ec.europa.eu/local-contact-points/es","verified_public_source","2026-10-03"
"Enterprise Europe Network - Spain","info@brta.eus","EU Business Network / Investment Support","Business, innovation and internationalization contact","https://een.ec.europa.eu/local-contact-points/es","verified_public_source","2026-10-03"
"Enterprise Europe Network - Spain","een@fueib.org","EU Business Network / Investment Support","Business, innovation and internationalization contact","https://een.ec.europa.eu/local-contact-points/es","verified_public_source","2026-10-03"
"Enterprise Europe Network - Spain","eenbalears@fundaciobit.org","EU Business Network / Investment Support","Business, innovation and internationalization contact","https://een.ec.europa.eu/local-contact-points/es","verified_public_source","2026-10-03"
"Enterprise Europe Network - Spain","informacion@camaranavarra.com","EU Business Network / Investment Support","Business, innovation and internationalization contact","https://een.ec.europa.eu/local-contact-points/es","verified_public_source","2026-10-03"
"Enterprise Europe Network - Spain","info@camarafuerteventura.org","EU Business Network / Investment Support","Business, innovation and internationalization contact","https://een.ec.europa.eu/local-contact-points/es","verified_public_source","2026-10-03"
"Enterprise Europe Network - Spain","eentenerife@camaratenerife.es","EU Business Network / Investment Support","Business, innovation and internationalization contact","https://een.ec.europa.eu/local-contact-points/es","verified_public_source","2026-10-03"
"Enterprise Europe Network - Spain","eencanarias.dgpe@gobiernodecanarias.org","EU Business Network / Investment Support","Business, innovation and internationalization contact","https://een.ec.europa.eu/local-contact-points/es","verified_public_source","2026-10-03"
"Enterprise Europe Network - Spain","eu@gruposodercan.es","EU Business Network / Investment Support","Business, innovation and internationalization contact","https://een.ec.europa.eu/local-contact-points/es","verified_public_source","2026-10-03"
"Enterprise Europe Network - Spain","euroinfo@ceg.es","EU Business Network / Investment Support","Business, innovation and internationalization contact","https://een.ec.europa.eu/local-contact-points/es","verified_public_source","2026-10-03"
"Enterprise Europe Network - Spain","info@cea.es","EU Business Network / Investment Support","Business, innovation and internationalization contact","https://een.ec.europa.eu/local-contact-points/es","verified_public_source","2026-10-03"
"Enterprise Europe Network - Spain","eenbasque@camaradealava.com","EU Business Network / Investment Support","Business, innovation and internationalization contact","https://een.ec.europa.eu/local-contact-points/es","verified_public_source","2026-10-03"
"Enterprise Europe Network - Spain","een@ceoearagon.es","EU Business Network / Investment Support","Business, innovation and internationalization contact","https://een.ec.europa.eu/local-contact-points/es","verified_public_source","2026-10-03"
"Enterprise Europe Network - Spain","een@ita.es","EU Business Network / Investment Support","Business, innovation and internationalization contact","https://een.ec.europa.eu/local-contact-points/es","verified_public_source","2026-10-03"
"Enterprise Europe Network - Netherlands","info@wateralliance.nl","EU Business Network / Investment Support","Business, innovation and internationalization contact","https://een.ec.europa.eu/local-contact-points/nl","verified_public_source","2026-10-03"
"Enterprise Europe Network - Netherlands","info@bdfriesland.nl","EU Business Network / Investment Support","Business, innovation and internationalization contact","https://een.ec.europa.eu/local-contact-points/nl","verified_public_source","2026-10-03"
"Enterprise Europe Network - Netherlands","info@bom.nl","EU Business Network / Investment Support","Business, innovation and internationalization contact","https://een.ec.europa.eu/local-contact-points/nl","verified_public_source","2026-10-03"
"Enterprise Europe Network - Netherlands","info@impulszeeland.nl","EU Business Network / Investment Support","Business, innovation and internationalization contact","https://een.ec.europa.eu/local-contact-points/nl","verified_public_source","2026-10-03"
"Enterprise Europe Network - Belgium","enterprise.europe@vlaanderen.be","EU Business Network / Investment Support","Business, innovation and internationalization contact","https://een.ec.europa.eu/local-contact-points/be","verified_public_source","2026-10-03"
"Enterprise Europe Network - Belgium","international@beci.be","EU Business Network / Investment Support","Business, innovation and internationalization contact","https://een.ec.europa.eu/local-contact-points/be","verified_public_source","2026-10-03"
"Enterprise Europe Network - Belgium","infoeen@awex.be","EU Business Network / Investment Support","Business, innovation and internationalization contact","https://een.ec.europa.eu/local-contact-points/be","verified_public_source","2026-10-03"
"Enterprise Europe Network - Belgium","info@wallonie-entreprendre.be","EU Business Network / Investment Support","Business, innovation and internationalization contact","https://een.ec.europa.eu/local-contact-points/be","verified_public_source","2026-10-03"
"Enterprise Europe Network - Austria","een@ic-steiermark.at","EU Business Network / Investment Support","Business, innovation and internationalization contact","https://een.ec.europa.eu/local-contact-points/at","verified_public_source","2026-10-03"
"Enterprise Europe Network - Austria","een@sfg.at","EU Business Network / Investment Support","Business, innovation and internationalization contact","https://een.ec.europa.eu/local-contact-points/at","verified_public_source","2026-10-03"
"Enterprise Europe Network - Austria","een@standort-tirol.at","EU Business Network / Investment Support","Business, innovation and internationalization contact","https://een.ec.europa.eu/local-contact-points/at","verified_public_source","2026-10-03"
"Enterprise Europe Network - Austria","een@wktirol.at","EU Business Network / Investment Support","Business, innovation and internationalization contact","https://een.ec.europa.eu/local-contact-points/at","verified_public_source","2026-10-03"
"Enterprise Europe Network - Austria","een@wkk.or.at","EU Business Network / Investment Support","Business, innovation and internationalization contact","https://een.ec.europa.eu/local-contact-points/at","verified_public_source","2026-10-03"
"Enterprise Europe Network - Austria","een@biz-up.at","EU Business Network / Investment Support","Business, innovation and internationalization contact","https://een.ec.europa.eu/local-contact-points/at","verified_public_source","2026-10-03"
"Enterprise Europe Network - Austria","een@wkooe.at","EU Business Network / Investment Support","Business, innovation and internationalization contact","https://een.ec.europa.eu/local-contact-points/at","verified_public_source","2026-10-03"
"Enterprise Europe Network - Austria","een@innovation-salzburg.at","EU Business Network / Investment Support","Business, innovation and internationalization contact","https://een.ec.europa.eu/local-contact-points/at","verified_public_source","2026-10-03"
"Enterprise Europe Network - Austria","een@ffg.at","EU Business Network / Investment Support","Business, innovation and internationalization contact","https://een.ec.europa.eu/local-contact-points/at","verified_public_source","2026-10-03"
"Enterprise Europe Network - Austria","een@wko.at","EU Business Network / Investment Support","Business, innovation and internationalization contact","https://een.ec.europa.eu/local-contact-points/at","verified_public_source","2026-10-03"
"Enterprise Europe Network - Sweden","enterpriseeurope@businessregion.se","EU Business Network / Investment Support","Business, innovation and internationalization contact","https://een.ec.europa.eu/local-contact-points/se","verified_public_source","2026-10-03"
"Enterprise Europe Network - Sweden","een.skane@almi.se","EU Business Network / Investment Support","Business, innovation and internationalization contact","https://een.ec.europa.eu/local-contact-points/se","verified_public_source","2026-10-03"
"Enterprise Europe Network - Sweden","info@stockholmshandelskammare.se","EU Business Network / Investment Support","Business, innovation and internationalization contact","https://een.ec.europa.eu/local-contact-points/se","verified_public_source","2026-10-03"
"Enterprise Europe Network - Finland","een@businessfinland.fi","EU Business Network / Investment Support","Business, innovation and internationalization contact","https://een.ec.europa.eu/local-contact-points/fi","verified_public_source","2026-10-03"
"Enterprise Europe Network - Finland","een@helsinki.chamber.fi","EU Business Network / Investment Support","Business, innovation and internationalization contact","https://een.ec.europa.eu/local-contact-points/fi","verified_public_source","2026-10-03"
"Enterprise Europe Network - Finland","een@businessturku.fi","EU Business Network / Investment Support","Business, innovation and internationalization contact","https://een.ec.europa.eu/local-contact-points/fi","verified_public_source","2026-10-03"
"Enterprise Europe Network - Denmark","info@ndeu.dk","EU Business Network / Investment Support","Business, innovation and internationalization contact","https://een.ec.europa.eu/local-contact-points/dk","verified_public_source","2026-10-03"
"Enterprise Europe Network - Denmark","info@erhvervshusmidtjylland.dk","EU Business Network / Investment Support","Business, innovation and internationalization contact","https://een.ec.europa.eu/local-contact-points/dk","verified_public_source","2026-10-03"
"Enterprise Europe Network - Denmark","info@ehhs.dk","EU Business Network / Investment Support","Business, innovation and internationalization contact","https://een.ec.europa.eu/local-contact-points/dk","verified_public_source","2026-10-03"
"Enterprise Europe Network - Denmark","info@southdenmark.eu","EU Business Network / Investment Support","Business, innovation and internationalization contact","https://een.ec.europa.eu/local-contact-points/dk","verified_public_source","2026-10-03"
"Enterprise Europe Network - Denmark","info@ehsj.dk","EU Business Network / Investment Support","Business, innovation and internationalization contact","https://een.ec.europa.eu/local-contact-points/dk","verified_public_source","2026-10-03"
"Enterprise Europe Network - Denmark","info@foodbiocluster.dk","EU Business Network / Investment Support","Business, innovation and internationalization contact","https://een.ec.europa.eu/local-contact-points/dk","verified_public_source","2026-10-03"
"Enterprise Europe Network - Poland","een@swp.gda.pl","EU Business Network / Investment Support","Business, innovation and internationalization contact","https://een.ec.europa.eu/local-contact-points/pl","verified_public_source","2026-10-03"
"Enterprise Europe Network - Poland","een@gapr.pl","EU Business Network / Investment Support","Business, innovation and internationalization contact","https://een.ec.europa.eu/local-contact-points/pl","verified_public_source","2026-10-03"
"Enterprise Europe Network - Poland","een@inkubator.kalisz.pl","EU Business Network / Investment Support","Business, innovation and internationalization contact","https://een.ec.europa.eu/local-contact-points/pl","verified_public_source","2026-10-03"
"Enterprise Europe Network - Poland","enterprise@fgsa.pl","EU Business Network / Investment Support","Business, innovation and internationalization contact","https://een.ec.europa.eu/local-contact-points/pl","verified_public_source","2026-10-03"
"Enterprise Europe Network - Poland","een@siph.com.pl","EU Business Network / Investment Support","Business, innovation and internationalization contact","https://een.ec.europa.eu/local-contact-points/pl","verified_public_source","2026-10-03"
"Enterprise Europe Network - Poland","een@it.kielce.pl","EU Business Network / Investment Support","Business, innovation and internationalization contact","https://een.ec.europa.eu/local-contact-points/pl","verified_public_source","2026-10-03"
"Enterprise Europe Network - Poland","een@arrkonin.org.pl","EU Business Network / Investment Support","Business, innovation and internationalization contact","https://een.ec.europa.eu/local-contact-points/pl","verified_public_source","2026-10-03"
"Enterprise Europe Network - Poland","een@iph.krakow.pl","EU Business Network / Investment Support","Business, innovation and internationalization contact","https://een.ec.europa.eu/local-contact-points/pl","verified_public_source","2026-10-03"
"Enterprise Europe Network - Poland","enterprise@transfer.edu.pl","EU Business Network / Investment Support","Business, innovation and internationalization contact","https://een.ec.europa.eu/local-contact-points/pl","verified_public_source","2026-10-03"
"Enterprise Europe Network - Poland","een@lfr.lublin.pl","EU Business Network / Investment Support","Business, innovation and internationalization contact","https://een.ec.europa.eu/local-contact-points/pl","verified_public_source","2026-10-03"
"Enterprise Europe Network - Poland","een@pollub.pl","EU Business Network / Investment Support","Business, innovation and internationalization contact","https://een.ec.europa.eu/local-contact-points/pl","verified_public_source","2026-10-03"
"Enterprise Europe Network - Poland","een@wmarr.olsztyn.pl","EU Business Network / Investment Support","Business, innovation and internationalization contact","https://een.ec.europa.eu/local-contact-points/pl","verified_public_source","2026-10-03"
"Enterprise Europe Network - Poland","een-olsztyn@uwm.edu.pl","EU Business Network / Investment Support","Business, innovation and internationalization contact","https://een.ec.europa.eu/local-contact-points/pl","verified_public_source","2026-10-03"
"Enterprise Europe Network - Poland","een@ppnt.poznan.pl","EU Business Network / Investment Support","Business, innovation and internationalization contact","https://een.ec.europa.eu/local-contact-points/pl","verified_public_source","2026-10-03"
"Enterprise Europe Network - Poland","een@rarr.rzeszow.pl","EU Business Network / Investment Support","Business, innovation and internationalization contact","https://een.ec.europa.eu/local-contact-points/pl","verified_public_source","2026-10-03"
"Enterprise Europe Network - Poland","info@dolinalotnicza.pl","EU Business Network / Investment Support","Business, innovation and internationalization contact","https://een.ec.europa.eu/local-contact-points/pl","verified_public_source","2026-10-03"
"Enterprise Europe Network - Poland","een@wsiz.edu.pl","EU Business Network / Investment Support","Business, innovation and internationalization contact","https://een.ec.europa.eu/local-contact-points/pl","verified_public_source","2026-10-03"
"Enterprise Europe Network - Poland","een@darr.pl","EU Business Network / Investment Support","Business, innovation and internationalization contact","https://een.ec.europa.eu/local-contact-points/pl","verified_public_source","2026-10-03"
"Enterprise Europe Network - Poland","een@tarr.org.pl","EU Business Network / Investment Support","Business, innovation and internationalization contact","https://een.ec.europa.eu/local-contact-points/pl","verified_public_source","2026-10-03"
"Enterprise Europe Network - Poland","een@wit.lukasiewicz.gov.pl","EU Business Network / Investment Support","Business, innovation and internationalization contact","https://een.ec.europa.eu/local-contact-points/pl","verified_public_source","2026-10-03"
"Enterprise Europe Network - Poland","een@uw.edu.pl","EU Business Network / Investment Support","Business, innovation and internationalization contact","https://een.ec.europa.eu/local-contact-points/pl","verified_public_source","2026-10-03"
"Enterprise Europe Network - Poland","een@parp.gov.pl","EU Business Network / Investment Support","Business, innovation and internationalization contact","https://een.ec.europa.eu/local-contact-points/pl","verified_public_source","2026-10-03"
"Enterprise Europe Network - Germany","nrweuropa@zenit.de","EU Business Network / Investment Support","Business, innovation and internationalization contact","https://een.ec.europa.eu/local-contact-points/de","verified_public_source","2026-10-03"
"Enterprise Europe Network - Germany","eu-beratung@berlin-partner.de","EU Business Network / Investment Support","Business, innovation and internationalization contact","https://een.ec.europa.eu/local-contact-points/de","verified_public_source","2026-10-03"
"Enterprise Europe Network - Germany","europaservice@dsgv.de","EU Business Network / Investment Support","Business, innovation and internationalization contact","https://een.ec.europa.eu/local-contact-points/de","verified_public_source","2026-10-03"
"Enterprise Europe Network - Germany","info@rkw-bremen.de","EU Business Network / Investment Support","Business, innovation and internationalization contact","https://een.ec.europa.eu/local-contact-points/de","verified_public_source","2026-10-03"
"Enterprise Europe Network - Germany","mail@bab-bremen.de","EU Business Network / Investment Support","Business, innovation and internationalization contact","https://een.ec.europa.eu/local-contact-points/de","verified_public_source","2026-10-03"
"Enterprise Europe Network - Germany","een@tu-chemnitz.de","EU Business Network / Investment Support","Business, innovation and internationalization contact","https://een.ec.europa.eu/local-contact-points/de","verified_public_source","2026-10-03"
"Enterprise Europe Network - Germany","auwi@darmstadt.ihk.de","EU Business Network / Investment Support","Business, innovation and internationalization contact","https://een.ec.europa.eu/local-contact-points/de","verified_public_source","2026-10-03"
"Enterprise Europe Network - Germany","info@hwk-dresden.de","EU Business Network / Investment Support","Business, innovation and internationalization contact","https://een.ec.europa.eu/local-contact-points/de","verified_public_source","2026-10-03"
"Enterprise Europe Network - Germany","een@dresden.ihk.de","EU Business Network / Investment Support","Business, innovation and internationalization contact","https://een.ec.europa.eu/local-contact-points/de","verified_public_source","2026-10-03"
"Enterprise Europe Network - Germany","europa@nrwbank.de","EU Business Network / Investment Support","Business, innovation and internationalization contact","https://een.ec.europa.eu/local-contact-points/de","verified_public_source","2026-10-03"
"Enterprise Europe Network - Germany","info@erfurt.ihk.de","EU Business Network / Investment Support","Business, innovation and internationalization contact","https://een.ec.europa.eu/local-contact-points/de","verified_public_source","2026-10-03"
"Enterprise Europe Network - Germany","een@stift-thueringen.de","EU Business Network / Investment Support","Business, innovation and internationalization contact","https://een.ec.europa.eu/local-contact-points/de","verified_public_source","2026-10-03"
"Enterprise Europe Network - Germany","een@frankfurt-main.ihk.de","EU Business Network / Investment Support","Business, innovation and internationalization contact","https://een.ec.europa.eu/local-contact-points/de","verified_public_source","2026-10-03"
"Enterprise Europe Network - Germany","enterprise-europe@freiburg.ihk.de","EU Business Network / Investment Support","Business, innovation and internationalization contact","https://een.ec.europa.eu/local-contact-points/de","verified_public_source","2026-10-03"
"Enterprise Europe Network - Germany","een2@zts.de","EU Business Network / Investment Support","Business, innovation and internationalization contact","https://een.ec.europa.eu/local-contact-points/de","verified_public_source","2026-10-03"
"Enterprise Europe Network - Germany","een@tutech.de","EU Business Network / Investment Support","Business, innovation and internationalization contact","https://een.ec.europa.eu/local-contact-points/de","verified_public_source","2026-10-03"
"Enterprise Europe Network - Germany","een@ifbhh.de","EU Business Network / Investment Support","Business, innovation and internationalization contact","https://een.ec.europa.eu/local-contact-points/de","verified_public_source","2026-10-03"
"Enterprise Europe Network - Germany","info@lnc-hannover.de","EU Business Network / Investment Support","Business, innovation and internationalization contact","https://een.ec.europa.eu/local-contact-points/de","verified_public_source","2026-10-03"
"Enterprise Europe Network - Germany","tt-een@zuv.uni-hannover.de","EU Business Network / Investment Support","Business, innovation and internationalization contact","https://een.ec.europa.eu/local-contact-points/de","verified_public_source","2026-10-03"
"Enterprise Europe Network - Germany","international@nbank.de","EU Business Network / Investment Support","Business, innovation and internationalization contact","https://een.ec.europa.eu/local-contact-points/de","verified_public_source","2026-10-03"
"Enterprise Europe Network - Germany","info@mg-niedersachsen.de","EU Business Network / Investment Support","Business, innovation and internationalization contact","https://een.ec.europa.eu/local-contact-points/de","verified_public_source","2026-10-03"
"Enterprise Europe Network - Germany","info@een-hhsh.de","EU Business Network / Investment Support","Business, innovation and internationalization contact","https://een.ec.europa.eu/local-contact-points/de","verified_public_source","2026-10-03"
"Enterprise Europe Network - Germany","info@konstanz.ihk.de","EU Business Network / Investment Support","Business, innovation and internationalization contact","https://een.ec.europa.eu/local-contact-points/de","verified_public_source","2026-10-03"
"Enterprise Europe Network - Germany","een@leipzig.ihk.de","EU Business Network / Investment Support","Business, innovation and internationalization contact","https://een.ec.europa.eu/local-contact-points/de","verified_public_source","2026-10-03"
"Enterprise Europe Network - Germany","info@een-sachsen-anhalt.de","EU Business Network / Investment Support","Business, innovation and internationalization contact","https://een.ec.europa.eu/local-contact-points/de","verified_public_source","2026-10-03"
"Enterprise Europe Network - Germany","info@bh-international.de","EU Business Network / Investment Support","Business, innovation and internationalization contact","https://een.ec.europa.eu/local-contact-points/de","verified_public_source","2026-10-03"
"Enterprise Europe Network - Germany","aussenwirtschaft@hwk-muenchen.de","EU Business Network / Investment Support","Business, innovation and internationalization contact","https://een.ec.europa.eu/local-contact-points/de","verified_public_source","2026-10-03"
"Enterprise Europe Network - Germany","info@abz-bayern.de","EU Business Network / Investment Support","Business, innovation and internationalization contact","https://een.ec.europa.eu/local-contact-points/de","verified_public_source","2026-10-03"
"Enterprise Europe Network - Germany","een-partnersuche@bayfor.org","EU Business Network / Investment Support","Business, innovation and internationalization contact","https://een.ec.europa.eu/local-contact-points/de","verified_public_source","2026-10-03"
"Enterprise Europe Network - Germany","een@bayern-innovativ.de","EU Business Network / Investment Support","Business, innovation and internationalization contact","https://een.ec.europa.eu/local-contact-points/de","verified_public_source","2026-10-03"
"Enterprise Europe Network - Germany","international@offenbach.ihk.de","EU Business Network / Investment Support","Business, innovation and internationalization contact","https://een.ec.europa.eu/local-contact-points/de","verified_public_source","2026-10-03"
"Enterprise Europe Network - Germany","eu-beratung@wfbb.de","EU Business Network / Investment Support","Business, innovation and internationalization contact","https://een.ec.europa.eu/local-contact-points/de","verified_public_source","2026-10-03"
"Enterprise Europe Network - Germany","een-org@reutlingen.ihk.de","EU Business Network / Investment Support","Business, innovation and internationalization contact","https://een.ec.europa.eu/local-contact-points/de","verified_public_source","2026-10-03"
"Enterprise Europe Network - Germany","een-mv@rostock.ihk.de","EU Business Network / Investment Support","Business, innovation and internationalization contact","https://een.ec.europa.eu/local-contact-points/de","verified_public_source","2026-10-03"
"Enterprise Europe Network - Germany","een-mv@ati-kueste.de","EU Business Network / Investment Support","Business, innovation and internationalization contact","https://een.ec.europa.eu/local-contact-points/de","verified_public_source","2026-10-03"
"Enterprise Europe Network - Germany","info@elbeweser.ihk.de","EU Business Network / Investment Support","Business, innovation and internationalization contact","https://een.ec.europa.eu/local-contact-points/de","verified_public_source","2026-10-03"
"Enterprise Europe Network - Germany","een@bw-i.de","EU Business Network / Investment Support","Business, innovation and internationalization contact","https://een.ec.europa.eu/local-contact-points/de","verified_public_source","2026-10-03"
"Enterprise Europe Network - Germany","info@handwerk-international.de","EU Business Network / Investment Support","Business, innovation and internationalization contact","https://een.ec.europa.eu/local-contact-points/de","verified_public_source","2026-10-03"
"Enterprise Europe Network - Germany","een@stuttgart.ihk.de","EU Business Network / Investment Support","Business, innovation and internationalization contact","https://een.ec.europa.eu/local-contact-points/de","verified_public_source","2026-10-03"
"Enterprise Europe Network - Germany","een@wm.bwl.de","EU Business Network / Investment Support","Business, innovation and internationalization contact","https://een.ec.europa.eu/local-contact-points/de","verified_public_source","2026-10-03"
"Enterprise Europe Network - Germany","info@eic-trier.de","EU Business Network / Investment Support","Business, innovation and internationalization contact","https://een.ec.europa.eu/local-contact-points/de","verified_public_source","2026-10-03"
"Enterprise Europe Network - Germany","info@ulm.ihk.de","EU Business Network / Investment Support","Business, innovation and internationalization contact","https://een.ec.europa.eu/local-contact-points/de","verified_public_source","2026-10-03"
"Enterprise Europe Network - Germany","een@htai.de","EU Business Network / Investment Support","Business, innovation and internationalization contact","https://een.ec.europa.eu/local-contact-points/de","verified_public_source","2026-10-03"
"Enterprise Europe Network - Portugal","een-portugal@aida.pt","EU Business Network / Investment Support","Business, innovation and internationalization contact","https://een.ec.europa.eu/local-contact-points/pt","verified_public_source","2026-10-03"
"Enterprise Europe Network - Portugal","een-portugal@cec.org.pt","EU Business Network / Investment Support","Business, innovation and internationalization contact","https://een.ec.europa.eu/local-contact-points/pt","verified_public_source","2026-10-03"
"Enterprise Europe Network - Portugal","EEN-PORTUGAL@iapmei.pt","EU Business Network / Investment Support","Business, innovation and internationalization contact","https://een.ec.europa.eu/local-contact-points/pt","verified_public_source","2026-10-03"
"Enterprise Europe Network - Portugal","EEN-PORTUGAL@acif-ccim.pt","EU Business Network / Investment Support","Business, innovation and internationalization contact","https://een.ec.europa.eu/local-contact-points/pt","verified_public_source","2026-10-03"
"Enterprise Europe Network - Portugal","een-portugal@ani.pt","EU Business Network / Investment Support","Business, innovation and internationalization contact","https://een.ec.europa.eu/local-contact-points/pt","verified_public_source","2026-10-03"
"Enterprise Europe Network - Portugal","een-portugal@lneg.pt","EU Business Network / Investment Support","Business, innovation and internationalization contact","https://een.ec.europa.eu/local-contact-points/pt","verified_public_source","2026-10-03"
"Enterprise Europe Network - Portugal","een-portugal@ccipd.pt","EU Business Network / Investment Support","Business, innovation and internationalization contact","https://een.ec.europa.eu/local-contact-points/pt","verified_public_source","2026-10-03"
"Enterprise Europe Network - Portugal","EEN-portugal@aeportugal.pt","EU Business Network / Investment Support","Business, innovation and internationalization contact","https://een.ec.europa.eu/local-contact-points/pt","verified_public_source","2026-10-03"
"Enterprise Europe Network - Portugal","een-portugal@inesctec.pt","EU Business Network / Investment Support","Business, innovation and internationalization contact","https://een.ec.europa.eu/local-contact-points/pt","verified_public_source","2026-10-03"
"Enterprise Europe Network - Ireland","info@corkchamber.ie","EU Business Network / Investment Support","Business, innovation and internationalization contact","https://een.ec.europa.eu/local-contact-points/ie","verified_public_source","2026-10-03"
"Enterprise Europe Network - Ireland","international@dublinchamber.ie","EU Business Network / Investment Support","Business, innovation and internationalization contact","https://een.ec.europa.eu/local-contact-points/ie","verified_public_source","2026-10-03"
"Enterprise Europe Network - Ireland","een@enterprise-ireland.com","EU Business Network / Investment Support","Business, innovation and internationalization contact","https://een.ec.europa.eu/local-contact-points/ie","verified_public_source","2026-10-03"
"Enterprise Europe Network - Ireland","een@leo.donegalcoco.ie","EU Business Network / Investment Support","Business, innovation and internationalization contact","https://een.ec.europa.eu/local-contact-points/ie","verified_public_source","2026-10-03"
"Enterprise Europe Network - Greece","info@acsmi.gr","EU Business Network / Investment Support","Business, innovation and internationalization contact","https://een.ec.europa.eu/local-contact-points/gr","verified_public_source","2026-10-03"
"Enterprise Europe Network - Greece","euroaffairs@acci.gr","EU Business Network / Investment Support","Business, innovation and internationalization contact","https://een.ec.europa.eu/local-contact-points/gr","verified_public_source","2026-10-03"
"Enterprise Europe Network - Greece","info@enterprisegreece.gov.gr","EU Business Network / Investment Support","Business, innovation and internationalization contact","https://een.ec.europa.eu/local-contact-points/gr","verified_public_source","2026-10-03"
"Enterprise Europe Network - Greece","een@ekt.gr","EU Business Network / Investment Support","Business, innovation and internationalization contact","https://een.ec.europa.eu/local-contact-points/gr","verified_public_source","2026-10-03"
"Enterprise Europe Network - Greece","info@arcadianet.gr","EU Business Network / Investment Support","Business, innovation and internationalization contact","https://een.ec.europa.eu/local-contact-points/gr","verified_public_source","2026-10-03"
"Enterprise Europe Network - Greece","info@ebeh.gr","EU Business Network / Investment Support","Business, innovation and internationalization contact","https://een.ec.europa.eu/local-contact-points/gr","verified_public_source","2026-10-03"
"Enterprise Europe Network - Greece","enterprise-europe@cci-ioannina.gr","EU Business Network / Investment Support","Business, innovation and internationalization contact","https://een.ec.europa.eu/local-contact-points/gr","verified_public_source","2026-10-03"
"Enterprise Europe Network - Greece","info@sbe.org.gr","EU Business Network / Investment Support","Business, innovation and internationalization contact","https://een.ec.europa.eu/local-contact-points/gr","verified_public_source","2026-10-03"
"Enterprise Europe Network - Greece","info@sbtse.gr","EU Business Network / Investment Support","Business, innovation and internationalization contact","https://een.ec.europa.eu/local-contact-points/gr","verified_public_source","2026-10-03"
"Enterprise Europe Network - Romania","office@adrcentru.ro","EU Business Network / Investment Support","Business, innovation and internationalization contact","https://een.ec.europa.eu/local-contact-points/ro","verified_public_source","2026-10-03"
"Enterprise Europe Network - Romania","een@adrse.ro","EU Business Network / Investment Support","Business, innovation and internationalization contact","https://een.ec.europa.eu/local-contact-points/ro","verified_public_source","2026-10-03"
"Enterprise Europe Network - Romania","een@10ability.eu","EU Business Network / Investment Support","Business, innovation and internationalization contact","https://een.ec.europa.eu/local-contact-points/ro","verified_public_source","2026-10-03"
"Enterprise Europe Network - Romania","contact@adrbi.ro","EU Business Network / Investment Support","Business, innovation and internationalization contact","https://een.ec.europa.eu/local-contact-points/ro","verified_public_source","2026-10-03"
"Enterprise Europe Network - Romania","office@inter-bio.ro","EU Business Network / Investment Support","Business, innovation and internationalization contact","https://een.ec.europa.eu/local-contact-points/ro","verified_public_source","2026-10-03"
"Enterprise Europe Network - Romania","office@cnipmmr.ro","EU Business Network / Investment Support","Business, innovation and internationalization contact","https://een.ec.europa.eu/local-contact-points/ro","verified_public_source","2026-10-03"
"Enterprise Europe Network - Romania","info@csr-bootiq.com","EU Business Network / Investment Support","Business, innovation and internationalization contact","https://een.ec.europa.eu/local-contact-points/ro","verified_public_source","2026-10-03"
"Enterprise Europe Network - Romania","een@ccina.ro","EU Business Network / Investment Support","Business, innovation and internationalization contact","https://een.ec.europa.eu/local-contact-points/ro","verified_public_source","2026-10-03"
"Enterprise Europe Network - Romania","eencanhelp@adroltenia.ro","EU Business Network / Investment Support","Business, innovation and internationalization contact","https://een.ec.europa.eu/local-contact-points/ro","verified_public_source","2026-10-03"
"Enterprise Europe Network - Romania","office.een@ucv.ro","EU Business Network / Investment Support","Business, innovation and internationalization contact","https://een.ec.europa.eu/local-contact-points/ro","verified_public_source","2026-10-03"
"Enterprise Europe Network - Romania","contact@arhipelago.com","EU Business Network / Investment Support","Business, innovation and internationalization contact","https://een.ec.europa.eu/local-contact-points/ro","verified_public_source","2026-10-03"
"Enterprise Europe Network - Romania","office@magurelesciencepark.ro","EU Business Network / Investment Support","Business, innovation and internationalization contact","https://een.ec.europa.eu/local-contact-points/ro","verified_public_source","2026-10-03"
"Enterprise Europe Network - Romania","een@adrnordest.ro","EU Business Network / Investment Support","Business, innovation and internationalization contact","https://een.ec.europa.eu/local-contact-points/ro","verified_public_source","2026-10-03"
"Enterprise Europe Network - Romania","office@ccisuceava.ro","EU Business Network / Investment Support","Business, innovation and internationalization contact","https://een.ec.europa.eu/local-contact-points/ro","verified_public_source","2026-10-03"
"Enterprise Europe Network - Romania","office@tehimpuls.ro","EU Business Network / Investment Support","Business, innovation and internationalization contact","https://een.ec.europa.eu/local-contact-points/ro","verified_public_source","2026-10-03"
"Enterprise Europe Network - Romania","office@cciat.ro","EU Business Network / Investment Support","Business, innovation and internationalization contact","https://een.ec.europa.eu/local-contact-points/ro","verified_public_source","2026-10-03"
"Enterprise Europe Network - Romania","office-een@adrvest.ro","EU Business Network / Investment Support","Business, innovation and internationalization contact","https://een.ec.europa.eu/local-contact-points/ro","verified_public_source","2026-10-03"
"Enterprise Europe Network - Bulgaria","een@res-cluster.com","EU Business Network / Investment Support","Business, innovation and internationalization contact","https://een.ec.europa.eu/local-contact-points/bg","verified_public_source","2026-10-03"
"Enterprise Europe Network - Bulgaria","info@ric-gabrovo.com","EU Business Network / Investment Support","Business, innovation and internationalization contact","https://een.ec.europa.eu/local-contact-points/bg","verified_public_source","2026-10-03"
"Enterprise Europe Network - Bulgaria","een@pcci.bg","EU Business Network / Investment Support","Business, innovation and internationalization contact","https://een.ec.europa.eu/local-contact-points/bg","verified_public_source","2026-10-03"
"Enterprise Europe Network - Bulgaria","info@bscsme.eu","EU Business Network / Investment Support","Business, innovation and internationalization contact","https://een.ec.europa.eu/local-contact-points/bg","verified_public_source","2026-10-03"
"Enterprise Europe Network - Bulgaria","een@jic-bas.eu","EU Business Network / Investment Support","Business, innovation and internationalization contact","https://een.ec.europa.eu/local-contact-points/bg","verified_public_source","2026-10-03"
"Enterprise Europe Network - Bulgaria","een@chambersz.com","EU Business Network / Investment Support","Business, innovation and internationalization contact","https://een.ec.europa.eu/local-contact-points/bg","verified_public_source","2026-10-03"
"Enterprise Europe Network - Bulgaria","office@marinecluster.com","EU Business Network / Investment Support","Business, innovation and internationalization contact","https://een.ec.europa.eu/local-contact-points/bg","verified_public_source","2026-10-03"
"Enterprise Europe Network - Croatia","een@unist.hr","EU Business Network / Investment Support","Business, innovation and internationalization contact","https://een.ec.europa.eu/local-contact-points/hr","verified_public_source","2026-10-03"
"Enterprise Europe Network - Croatia","info@techpark.hr","EU Business Network / Investment Support","Business, innovation and internationalization contact","https://een.ec.europa.eu/local-contact-points/hr","verified_public_source","2026-10-03"
"Enterprise Europe Network - Croatia","een@hgk.hr","EU Business Network / Investment Support","Business, innovation and internationalization contact","https://een.ec.europa.eu/local-contact-points/hr","verified_public_source","2026-10-03"
"Enterprise Europe Network - Croatia","een@hamagbicro.hr","EU Business Network / Investment Support","Business, innovation and internationalization contact","https://een.ec.europa.eu/local-contact-points/hr","verified_public_source","2026-10-03"
"Enterprise Europe Network - Hungary","eeninfo@hepa.hu","EU Business Network / Investment Support","Business, innovation and internationalization contact","https://een.ec.europa.eu/local-contact-points/hu","verified_public_source","2026-10-03"
"Enterprise Europe Network - Hungary","eeneger@hepa.hu","EU Business Network / Investment Support","Business, innovation and internationalization contact","https://een.ec.europa.eu/local-contact-points/hu","verified_public_source","2026-10-03"
"Enterprise Europe Network - Hungary","een@gymsmkik.hu","EU Business Network / Investment Support","Business, innovation and internationalization contact","https://een.ec.europa.eu/local-contact-points/hu","verified_public_source","2026-10-03"
"Enterprise Europe Network - Hungary","een@primom.hu","EU Business Network / Investment Support","Business, innovation and internationalization contact","https://een.ec.europa.eu/local-contact-points/hu","verified_public_source","2026-10-03"
"Enterprise Europe Network - Hungary","een@pbkik.hu","EU Business Network / Investment Support","Business, innovation and internationalization contact","https://een.ec.europa.eu/local-contact-points/hu","verified_public_source","2026-10-03"
"Enterprise Europe Network - Hungary","eenszeged@cskik.hu","EU Business Network / Investment Support","Business, innovation and internationalization contact","https://een.ec.europa.eu/local-contact-points/hu","verified_public_source","2026-10-03"
"Enterprise Europe Network - Hungary","een@zmva.hu","EU Business Network / Investment Support","Business, innovation and internationalization contact","https://een.ec.europa.eu/local-contact-points/hu","verified_public_source","2026-10-03"
"Enterprise Europe Network - Slovenia","een@ozs.si","EU Business Network / Investment Support","Business, innovation and internationalization contact","https://een.ec.europa.eu/local-contact-points/si","verified_public_source","2026-10-03"
"Enterprise Europe Network - Slovenia","info@een.si","EU Business Network / Investment Support","Business, innovation and internationalization contact","https://een.ec.europa.eu/local-contact-points/si","verified_public_source","2026-10-03"
"Enterprise Europe Network - Slovenia","een@ijs.si","EU Business Network / Investment Support","Business, innovation and internationalization contact","https://een.ec.europa.eu/local-contact-points/si","verified_public_source","2026-10-03"
"Enterprise Europe Network - Slovenia","een@um.si","EU Business Network / Investment Support","Business, innovation and internationalization contact","https://een.ec.europa.eu/local-contact-points/si","verified_public_source","2026-10-03"
"Enterprise Europe Network - Slovakia","een@bic.sk","EU Business Network / Investment Support","Business, innovation and internationalization contact","https://een.ec.europa.eu/local-contact-points/sk","verified_public_source","2026-10-03"
"Enterprise Europe Network - Slovakia","een@cvtisr.sk","EU Business Network / Investment Support","Business, innovation and internationalization contact","https://een.ec.europa.eu/local-contact-points/sk","verified_public_source","2026-10-03"
"Enterprise Europe Network - Slovakia","een@uvptechnicom.sk","EU Business Network / Investment Support","Business, innovation and internationalization contact","https://een.ec.europa.eu/local-contact-points/sk","verified_public_source","2026-10-03"
"Enterprise Europe Network - Slovakia","info@inovia.sk","EU Business Network / Investment Support","Business, innovation and internationalization contact","https://een.ec.europa.eu/local-contact-points/sk","verified_public_source","2026-10-03"
"Enterprise Europe Network - Czechia","een@ms-ic.cz","EU Business Network / Investment Support","Business, innovation and internationalization contact","https://een.ec.europa.eu/local-contact-points/cz","verified_public_source","2026-10-03"
"Enterprise Europe Network - Czechia","contact@een.gov.cz","EU Business Network / Investment Support","Business, innovation and internationalization contact","https://een.ec.europa.eu/local-contact-points/cz","verified_public_source","2026-10-03"
"Enterprise Europe Network - Estonia","info@invent.ee","EU Business Network / Investment Support","Business, innovation and internationalization contact","https://een.ec.europa.eu/local-contact-points/ee","verified_public_source","2026-10-03"
"Enterprise Europe Network - Estonia","info@tehnopol.ee","EU Business Network / Investment Support","Business, innovation and internationalization contact","https://een.ec.europa.eu/local-contact-points/ee","verified_public_source","2026-10-03"
"Enterprise Europe Network - Estonia","info@sciencepark.ee","EU Business Network / Investment Support","Business, innovation and internationalization contact","https://een.ec.europa.eu/local-contact-points/ee","verified_public_source","2026-10-03"
"Enterprise Europe Network - Latvia","een@liaa.gov.lv","EU Business Network / Investment Support","Business, innovation and internationalization contact","https://een.ec.europa.eu/local-contact-points/lv","verified_public_source","2026-10-03"
"Enterprise Europe Network - Latvia","een@techcenter.lv","EU Business Network / Investment Support","Business, innovation and internationalization contact","https://een.ec.europa.eu/local-contact-points/lv","verified_public_source","2026-10-03"
"Enterprise Europe Network - Latvia","een@ltrk.lv","EU Business Network / Investment Support","Business, innovation and internationalization contact","https://een.ec.europa.eu/local-contact-points/lv","verified_public_source","2026-10-03"
"Enterprise Europe Network - Lithuania","een@kcci.lt","EU Business Network / Investment Support","Business, innovation and internationalization contact","https://een.ec.europa.eu/local-contact-points/lt","verified_public_source","2026-10-03"
"Enterprise Europe Network - Cyprus","info@cea.org.cy","EU Business Network / Investment Support","Business, innovation and internationalization contact","https://een.ec.europa.eu/local-contact-points/cy","verified_public_source","2026-10-03"
"Enterprise Europe Network - Cyprus","info@bsccyprus.org.cy","EU Business Network / Investment Support","Business, innovation and internationalization contact","https://een.ec.europa.eu/local-contact-points/cy","verified_public_source","2026-10-03"
"Enterprise Europe Network - Malta","info@enterprise-europemalta.com","EU Business Network / Investment Support","Business, innovation and internationalization contact","https://een.ec.europa.eu/local-contact-points/mt","verified_public_source","2026-10-03"
"Enterprise Europe Network - Malta","info@maltachamber.org.mt","EU Business Network / Investment Support","Business, innovation and internationalization contact","https://een.ec.europa.eu/local-contact-points/mt","verified_public_source","2026-10-03"
"Enterprise Europe Network - Malta","info@mbb.org.mt","EU Business Network / Investment Support","Business, innovation and internationalization contact","https://een.ec.europa.eu/local-contact-points/mt","verified_public_source","2026-10-03"
"Enterprise Europe Network - Serbia","een@pks.rs","EU Business Network / Investment Support","Business, innovation and internationalization contact","https://een.ec.europa.eu/local-contact-points/rs","verified_public_source","2026-10-03"
"Enterprise Europe Network - Serbia","een@ras.gov.rs","EU Business Network / Investment Support","Business, innovation and internationalization contact","https://een.ec.europa.eu/local-contact-points/rs","verified_public_source","2026-10-03"
"Enterprise Europe Network - Serbia","een-srbija@uns.ac.rs","EU Business Network / Investment Support","Business, innovation and internationalization contact","https://een.ec.europa.eu/local-contact-points/rs","verified_public_source","2026-10-03"
"Enterprise Europe Network - Ukraine","info@it-kharkiv.com","EU Business Network / Investment Support","Business, innovation and internationalization contact","https://een.ec.europa.eu/local-contact-points/ua","verified_public_source","2026-10-03"
"Enterprise Europe Network - Ukraine","een.network.ukraine@gmail.com","EU Business Network / Investment Support","Business, innovation and internationalization contact","https://een.ec.europa.eu/local-contact-points/ua","verified_public_source","2026-10-03"
"Enterprise Europe Network - Ukraine","office@nazovni.online","EU Business Network / Investment Support","Business, innovation and internationalization contact","https://een.ec.europa.eu/local-contact-points/ua","verified_public_source","2026-10-03"
"Enterprise Europe Network - Ukraine","office@difku.gov.ua","EU Business Network / Investment Support","Business, innovation and internationalization contact","https://een.ec.europa.eu/local-contact-points/ua","verified_public_source","2026-10-03"
"Enterprise Europe Network - Norway","een@innovasjonnorge.no","EU Business Network / Investment Support","Business, innovation and internationalization contact","https://een.ec.europa.eu/local-contact-points/no","verified_public_source","2026-10-03"
"Enterprise Europe Network - Switzerland","een@innosuisse.ch","EU Business Network / Investment Support","Business, innovation and internationalization contact","https://een.ec.europa.eu/local-contact-points/ch","verified_public_source","2026-10-03"
"Enterprise Europe Network - Switzerland","een@s-ge.com","EU Business Network / Investment Support","Business, innovation and internationalization contact","https://een.ec.europa.eu/local-contact-points/ch","verified_public_source","2026-10-03"
"Enterprise Europe Network - United Arab Emirates","een@srtip.ae","EU/International Business Network","Business and internationalization contact","https://een.ec.europa.eu/local-contact-points/ae","verified_public_source","2026-10-03"
"Enterprise Europe Network - Albania","info@ccidr.al","EU/International Business Network","Business and internationalization contact","https://een.ec.europa.eu/local-contact-points/al","verified_public_source","2026-10-03"
"Enterprise Europe Network - Albania","info@ccp.al","EU/International Business Network","Business and internationalization contact","https://een.ec.europa.eu/local-contact-points/al","verified_public_source","2026-10-03"
"Enterprise Europe Network - Albania","info@aida.gov.al","EU/International Business Network","Business and internationalization contact","https://een.ec.europa.eu/local-contact-points/al","verified_public_source","2026-10-03"
"Enterprise Europe Network - Bosnia And Herzegovina","een@onex.digital","EU/International Business Network","Business and internationalization contact","https://een.ec.europa.eu/local-contact-points/ba","verified_public_source","2026-10-03"
"Enterprise Europe Network - Bosnia And Herzegovina","info@ntprs.org","EU/International Business Network","Business and internationalization contact","https://een.ec.europa.eu/local-contact-points/ba","verified_public_source","2026-10-03"
"Enterprise Europe Network - Bosnia And Herzegovina","info@unibl.org","EU/International Business Network","Business and internationalization contact","https://een.ec.europa.eu/local-contact-points/ba","verified_public_source","2026-10-03"
"Enterprise Europe Network - Bosnia And Herzegovina","info@intera.ba","EU/International Business Network","Business and internationalization contact","https://een.ec.europa.eu/local-contact-points/ba","verified_public_source","2026-10-03"
"Enterprise Europe Network - Bosnia And Herzegovina","een@komorabih.ba","EU/International Business Network","Business and internationalization contact","https://een.ec.europa.eu/local-contact-points/ba","verified_public_source","2026-10-03"
"Enterprise Europe Network - Bosnia And Herzegovina","info@bit.ba","EU/International Business Network","Business and internationalization contact","https://een.ec.europa.eu/local-contact-points/ba","verified_public_source","2026-10-03"
"Enterprise Europe Network - Bosnia And Herzegovina","info@zeda.ba","EU/International Business Network","Business and internationalization contact","https://een.ec.europa.eu/local-contact-points/ba","verified_public_source","2026-10-03"
"Enterprise Europe Network - Brazil","contact@enrichinlac.eu","EU/International Business Network","Business and internationalization contact","https://een.ec.europa.eu/local-contact-points/br","verified_public_source","2026-10-03"
"Enterprise Europe Network - Canada","een@eccir.ca","EU/International Business Network","Business and internationalization contact","https://een.ec.europa.eu/local-contact-points/ca","verified_public_source","2026-10-03"
"Enterprise Europe Network - Canada","info@ngen.ca","EU/International Business Network","Business and internationalization contact","https://een.ec.europa.eu/local-contact-points/ca","verified_public_source","2026-10-03"
"Enterprise Europe Network - Canada","office@eu-canada.com","EU/International Business Network","Business and internationalization contact","https://een.ec.europa.eu/local-contact-points/ca","verified_public_source","2026-10-03"
"Enterprise Europe Network - United Kingdom","contact@iukbg.ukri.org","EU/International Business Network","Business and internationalization contact","https://een.ec.europa.eu/local-contact-points/gb","verified_public_source","2026-10-03"
"Enterprise Europe Network - United Kingdom","infosw@iukbg.ukri.org","EU/International Business Network","Business and internationalization contact","https://een.ec.europa.eu/local-contact-points/gb","verified_public_source","2026-10-03"
"Enterprise Europe Network - United Kingdom","info@stjohns.co.uk","EU/International Business Network","Business and internationalization contact","https://een.ec.europa.eu/local-contact-points/gb","verified_public_source","2026-10-03"
"Enterprise Europe Network - United Kingdom","BusinessGrowthSE@iukbg.ukri.org","EU/International Business Network","Business and internationalization contact","https://een.ec.europa.eu/local-contact-points/gb","verified_public_source","2026-10-03"
"Enterprise Europe Network - United Kingdom","information@emc-dnl.co.uk","EU/International Business Network","Business and internationalization contact","https://een.ec.europa.eu/local-contact-points/gb","verified_public_source","2026-10-03"
"Enterprise Europe Network - United Kingdom","businessadvice@newable.co.uk","EU/International Business Network","Business and internationalization contact","https://een.ec.europa.eu/local-contact-points/gb","verified_public_source","2026-10-03"
"Enterprise Europe Network - United Kingdom","contact@innovateukedge.ukri.org","EU/International Business Network","Business and internationalization contact","https://een.ec.europa.eu/local-contact-points/gb","verified_public_source","2026-10-03"
"Enterprise Europe Network - Georgia","info@eba.ge","EU/International Business Network","Business and internationalization contact","https://een.ec.europa.eu/local-contact-points/ge","verified_public_source","2026-10-03"
"Enterprise Europe Network - Israel","info@industry.org.il","EU/International Business Network","Business and internationalization contact","https://een.ec.europa.eu/local-contact-points/il","verified_public_source","2026-10-03"
"Enterprise Europe Network - India","EEN-India@ebtc.eu","EU/International Business Network","Business and internationalization contact","https://een.ec.europa.eu/local-contact-points/in","verified_public_source","2026-10-03"
"Enterprise Europe Network - Iceland","een@een.is","EU/International Business Network","Business and internationalization contact","https://een.ec.europa.eu/local-contact-points/is","verified_public_source","2026-10-03"
"Enterprise Europe Network - Japan","info-eu@eu-japan.eu","EU/International Business Network","Business and internationalization contact","https://een.ec.europa.eu/local-contact-points/jp","verified_public_source","2026-10-03"
"Enterprise Europe Network - Luxembourg","een@luxinnovation.lu","EU/International Business Network","Business and internationalization contact","https://een.ec.europa.eu/local-contact-points/lu","verified_public_source","2026-10-03"
"Enterprise Europe Network - Luxembourg","een@cdm.lu","EU/International Business Network","Business and internationalization contact","https://een.ec.europa.eu/local-contact-points/lu","verified_public_source","2026-10-03"
"Enterprise Europe Network - Luxembourg","een@cc.lu","EU/International Business Network","Business and internationalization contact","https://een.ec.europa.eu/local-contact-points/lu","verified_public_source","2026-10-03"
"Enterprise Europe Network - Moldova","een@chamber.md","EU/International Business Network","Business and internationalization contact","https://een.ec.europa.eu/local-contact-points/md","verified_public_source","2026-10-03"
"Enterprise Europe Network - Montenegro","info@bscbar.org","EU/International Business Network","Business and internationalization contact","https://een.ec.europa.eu/local-contact-points/me","verified_public_source","2026-10-03"